{"cameraMode":{"drawMode":0,"name":"Shaded","section":"Shading Mode"},"sceneLighting":true,"audioPlay":false,"sceneViewState":{"m_AlwaysRefresh":false,"showFog":true,"showSkybox":true,"showFlares":true,"showImageEffects":true,"showParticleSystems":true,"showVisualEffectGraphs":true,"m_FxEnabled":true},"in2DMode":false,"pivot":{"x":10.641925811767579,"y":4.822847366333008,"z":5.745101451873779},"rotation":{"x":-0.03710049390792847,"y":-0.07638683170080185,"z":0.0027739452198147775,"w":-0.9964537024497986},"size":11.027657508850098,"orthographic":false}