{"cameraMode":{"drawMode":0,"name":"Shaded","section":"Shading Mode"},"sceneLighting":true,"audioPlay":false,"sceneViewState":{"m_AlwaysRefresh":false,"showFog":true,"showSkybox":true,"showFlares":true,"showImageEffects":true,"showParticleSystems":true,"showVisualEffectGraphs":true,"m_FxEnabled":true},"in2DMode":false,"pivot":{"x":0.29425081610679629,"y":1.5284993648529053,"z":0.07279253005981446},"rotation":{"x":-0.16364553570747376,"y":-0.021030303090810777,"z":0.003418730339035392,"w":-0.9863563776016235},"size":1.5762418508529664,"orthographic":false}